Date,Open,High,Low,Close,Volume,Daily_Return,Cumulative_Return,SMA_20,SMA_50,RSI,Ticker,Processing_Date
2025-06-27,201.09221242791352,202.41695863400852,199.20968154525065,200.2854156494141,73188600,,,,,,AAPL,2026-06-27T16:07:21.576968
2025-06-30,201.211736268348,206.57048164253425,198.4726031076903,204.3592529296875,91912800,0.020340159402342017,0.020340159402342017,,,,AAPL,2026-06-27T16:07:21.576968
2025-07-01,205.85332972802505,209.35942450018743,205.3254252695324,206.9987945556641,78788900,0.01291618357444646,0.03351906020956252,,,,AAPL,2026-06-27T16:07:21.576968
2025-07-02,208.08449026524104,212.49697770796604,207.31752868499885,211.6005401611328,67941800,0.022230784557691008,0.0564949997733486,,,,AAPL,2026-06-27T16:07:21.576968
2025-07-03,211.31166931275297,213.8017903991559,210.97301649264048,212.7061462402344,34955800,0.005224968132215846,0.062015152479009794,,,,AAPL,2026-06-27T16:07:21.576968
2025-07-07,211.83958469799765,215.37555986284275,207.9749269074613,209.1203765869141,50229000,-0.016857856327623377,0.044111853620759645,,,,AAPL,2026-06-27T16:07:21.576968
2025-07-08,209.26978591644843,210.59451698338924,207.6262968509882,209.1801300048828,42848900,0.00028573694703482033,0.044410194954176196,,,,AAPL,2026-06-27T16:07:21.576968
2025-07-09,208.7020406311003,210.49493096772343,206.4011710318064,210.30567932128903,48749400,0.005380765928293174,0.05002992174634757,,,,AAPL,2026-06-27T16:07:21.576968
2025-07-10,209.67816220166208,212.63642743345136,209.2000631819418,211.57066345214844,44443600,0.006014978458698028,0.05634582910664032,,,,AAPL,2026-06-27T16:07:21.576968
2025-07-11,209.73794232575935,211.29177557167307,209.03074119537857,210.3256072998047,39765800,-0.005884824162426194,0.0501294196476354,,,,AAPL,2026-06-27T16:07:21.576968
2025-07-14,209.1004448233413,210.07658325197187,206.71988962428105,207.79562377929688,38840100,-0.012028889648712626,0.037497528741827324,,,,AAPL,2026-06-27T16:07:21.576968
2025-07-15,208.393257343384,211.052704873644,208.0944397695192,208.28369140625,42296300,0.00234878684197648,0.03993438928591919,,,,AAPL,2026-06-27T16:07:21.576968
2025-07-16,209.46900551017632,211.5606982702429,207.81556132948492,209.32955932617188,47490500,0.0050213625121611205,0.045156276843386634,,,,AAPL,2026-06-27T16:07:21.576968
2025-07-17,209.7379389650813,210.9630743588066,208.7618004967043,209.1901092529297,48068100,-0.000666174780528217,0.04446002009004291,,,,AAPL,2026-06-27T16:07:21.576968
2025-07-18,210.0367321724359,210.95309492429405,208.871357307622,210.3455047607422,48974600,0.005523184207602894,0.05022876517847674,,,70.07151851103157,AAPL,2026-06-27T16:07:21.576968
2025-07-21,211.2618927646461,214.9273439465105,210.79374875413163,211.640380859375,51377400,0.00615594851958301,0.05669391939070079,,,66.33884608799863,AAPL,2026-06-27T16:07:21.576968
2025-07-22,212.29776458434165,214.1006098348481,211.39135685335447,213.5527801513672,46404100,0.009036079429770583,0.0662422895792707,,,65.20328529883982,AAPL,2026-06-27T16:07:21.576968
2025-07-23,214.15043456376964,214.29983576430007,211.5706725113145,213.3037872314453,46989300,-0.001165954944465697,0.06499909910973733,,,54.95079541644269,AAPL,2026-06-27T16:07:21.576968
2025-07-24,213.05475989741396,214.83769515517372,212.68622683006964,212.91531372070312,46022600,-0.0018212218160039706,0.06305949951641421,,,50.63443225070709,AAPL,2026-06-27T16:07:21.576968
2025-07-25,213.8516029142824,214.3894775978428,212.5567368669443,213.03485107421875,40268800,0.0005614314509685414,0.06365633455369357,209.7922103881836,,65.03440685535048,AAPL,2026-06-27T16:07:21.576968
2025-07-28,213.18425263148455,214.001019671446,212.2180844005514,213.2041778564453,37858000,0.0007948313685424147,0.0645017619737458,210.43814849853516,,65.32624942756121,AAPL,2026-06-27T16:07:21.576968
2025-07-29,213.3336394454552,213.96115480223384,209.9869314052821,210.4351501464844,51411700,-0.01298768034379394,0.050676353363825255,210.741943359375,,50.438247176572744,AAPL,2026-06-27T16:07:21.576968
2025-07-30,211.06266703997412,211.5507362671114,206.89919168476044,208.22393798828125,45512500,-0.010507808019068698,0.039636047952503084,210.80320053100587,,39.35361862702935,AAPL,2026-06-27T16:07:21.576968
2025-07-31,207.66616446381488,209.01082086651627,206.3414180888908,206.7498016357422,80698400,-0.007079571958830355,0.032275869740029384,210.56066360473633,,38.78829110714334,AAPL,2026-06-27T16:07:21.576968
2025-08-01,210.03673342752197,212.7360314354296,200.7037642416869,201.58029174804688,104434500,-0.025003699383485234,0.006465154212223823,210.00437088012694,,33.27977866625071,AAPL,2026-06-27T16:07:21.576968
2025-08-04,203.70186769022783,207.0585613783641,200.88304868853191,202.5464630126953,75109300,0.004792984751981866,0.01128912634976409,209.67567520141603,,34.9530135592759,AAPL,2026-06-27T16:07:21.576968
2025-08-05,202.59624780213056,204.52858421879685,201.3611574563388,202.1181488037109,44155100,-0.0021146466969287347,0.009150607139088551,209.32257614135742,,30.453516371074898,AAPL,2026-06-27T16:07:21.576968
2025-08-06,204.81746371165528,214.5289368613384,204.77761325937152,212.4073486328125,108483100,0.05090685764737568,0.060523293441480774,209.4276596069336,,55.62521843760087,AAPL,2026-06-27T16:07:21.576968
2025-08-07,218.0150880895572,219.9773047383464,215.7241736307253,219.16053771972656,90224800,0.031793575553679565,0.09424112089794967,209.8071533203125,,62.88959830644159,AAPL,2026-06-27T16:07:21.576968
2025-08-08,219.95738825778145,230.08719950298996,218.38362983130105,228.4437255859375,113854000,0.04235793525056386,0.14059091544544944,210.71305923461915,,69.9173516649038,AAPL,2026-06-27T16:07:21.576968
2025-08-11,227.27701087414155,228.91238364576836,224.12592192869852,226.53909301757807,61806100,-0.008337425610942972,0.13108132353540558,211.6502326965332,,65.39577962897627,AAPL,2026-06-27T16:07:21.576968
2025-08-12,227.3667633864553,230.14890113463383,226.4294279692133,229.00213623046875,55626200,0.010872486422021543,0.14337898986774644,212.68615493774413,,67.68271701485861,AAPL,2026-06-27T16:07:21.576968
2025-08-13,230.4181341091737,234.3370398551092,229.77992501054072,232.6717529296875,69878500,0.01602437758714026,0.1617009265265903,213.85326461791993,,70.72204289992527,AAPL,2026-06-27T16:07:21.576968
2025-08-14,233.39969406647396,234.4567012802976,230.19875827485632,232.1233062744141,51916300,-0.0023571690519696986,0.1589626010549372,214.99992446899415,,69.84287566496846,AAPL,2026-06-27T16:07:21.576968
2025-08-15,233.3398655982593,233.6190744765876,228.69300821277216,230.9366607666016,56038700,-0.005112134265439328,0.1530378286297216,216.02948226928712,,68.05151344190911,AAPL,2026-06-27T16:07:21.576968
2025-08-18,231.0463446646661,232.46233685580373,229.46083388892836,230.23863220214844,37476200,-0.0030225974608623085,0.1495526594166272,216.9593948364258,,71.04723298768168,AAPL,2026-06-27T16:07:21.576968
2025-08-19,230.62753117126795,232.2130419457167,228.70298322789472,229.90956115722656,39402600,-0.0014292607707683258,0.14790964889659053,217.77723388671876,,74.0080714504115,AAPL,2026-06-27T16:07:21.576968
2025-08-20,229.33119207499823,229.81981519856652,225.1330775565405,225.3723907470703,42263900,-0.019734587754066668,0.12525612519670082,218.3806640625,,69.30753279330136,AAPL,2026-06-27T16:07:21.576968
2025-08-21,225.6316635652229,225.88095827873423,223.14868274098328,224.26551818847656,30621200,-0.004911305040181113,0.11972964911752748,218.94817428588868,,75.68317782680114,AAPL,2026-06-27T16:07:21.576968
2025-08-22,225.53195134940427,228.44371192910324,224.77410085849388,227.11746215820312,42477800,0.01271681885277487,0.13396904822943623,219.65230484008788,,76.67897879678216,AAPL,2026-06-27T16:07:21.576968
2025-08-25,225.8410754675025,228.65312729963856,225.59178073979157,226.5191650390625,30983100,-0.0026343069945183872,0.13098182563411798,220.31805419921875,,76.39697315742224,AAPL,2026-06-27T16:07:21.576968
2025-08-26,226.22996704217397,228.84258604761436,224.05612439304167,228.6630859375,54575100,0.00946463359101557,0.14168615421184283,221.22945098876954,,71.34751937903715,AAPL,2026-06-27T16:07:21.576968
2025-08-27,227.96508141122783,230.2486145222496,227.61606269083356,229.83978271484372,31259500,0.0051459848559261,0.14756125387163754,222.31024322509765,,66.43083425792838,AAPL,2026-06-27T16:07:21.576968
2025-08-28,230.16883391080088,232.7515235304584,228.692998228932,231.90391540527344,38074700,0.008980745918084398,0.1578672099180971,223.5679489135742,,56.84413090731731,AAPL,2026-06-27T16:07:21.576968
2025-08-29,231.85405874294375,232.7216147258446,230.71727541448905,231.485107421875,39418400,-0.001805954775134011,0.15577615410137446,225.0631896972656,,60.39397721253051,AAPL,2026-06-27T16:07:21.576968
2025-09-02,228.60325464814517,230.19874691737337,226.3296880547272,229.07192993164065,44075600,-0.010424763463665943,0.14372746107792223,226.38946304321288,,50.14697848985552,AAPL,2026-06-27T16:07:21.576968
2025-09-03,236.5408165177042,238.17618932549604,233.6988505309185,237.79725646972656,66427800,0.03808989840304622,0.18729192387115434,228.17341842651368,,58.898895324162424,AAPL,2026-06-27T16:07:21.576968
2025-09-04,237.7772812570227,239.22318747047024,236.07211403385236,239.10353088378903,47549400,0.005493227438596593,0.19381398844498743,229.5082275390625,,61.80832687147064,AAPL,2026-06-27T16:07:21.576968
2025-09-05,239.3229322237051,240.63921565449172,237.8171975861315,239.0138092041016,54870400,-0.00037524196884841654,0.19336601933352449,230.50089111328126,,64.19063029792223,AAPL,2026-06-27T16:07:21.576968
2025-09-08,238.62491556233425,239.47250850410185,235.6732593017711,237.20892333984372,48999500,-0.007551387387481956,0.18435445022647978,230.93915100097655,218.3899362182617,61.78756095635088,AAPL,2026-06-27T16:07:21.576968
2025-09-09,236.33140663047269,238.10638391026916,232.70167593051625,233.6888885498047,66313900,-0.014839386058828619,0.16677935730907723,231.2966407775879,219.05800567626954,55.7686861252667,AAPL,2026-06-27T16:07:21.576968
2025-09-10,231.53496736029476,231.76431424305807,225.31256565050364,226.1501922607422,83440800,-0.03225954103271722,0.1291395907558377,231.15404357910157,219.49382446289061,51.08756690881285,AAPL,2026-06-27T16:07:21.576968
2025-09-11,226.23996538709508,229.7998863317909,226.0106032729132,229.38107299804688,50208600,0.01428643816309294,0.14527097369667108,230.98950958251953,219.94147003173828,56.75181768785193,AAPL,2026-06-27T16:07:21.576968
2025-09-12,228.57335925244223,233.84842918261825,228.373926506362,233.40968322753903,55824200,0.017562958341931223,0.16538532009792872,231.05382843017577,220.3776528930664,58.0546690934178,AAPL,2026-06-27T16:07:21.576968
2025-09-15,236.33139853346725,237.5180438551372,234.36695488957943,236.03224182128903,42699500,0.01123586030144863,0.1784794267519081,231.30860748291016,220.8441748046875,61.57767070522418,AAPL,2026-06-27T16:07:21.576968
2025-09-16,236.51088466190768,240.53949594661788,235.65332541334,237.4781494140625,63421100,0.006125890181851723,0.1856986623017618,231.67058334350585,221.41133026123046,60.91359185224874,AAPL,2026-06-27T16:07:21.576968
2025-09-17,238.2958480596019,239.42266510979977,237.05934071942244,238.3157958984375,46508000,0.003527257082143187,0.18988092630565334,232.0908950805664,221.99404357910157,60.58267142897428,AAPL,2026-06-27T16:07:21.576968
2025-09-18,239.29302360434255,240.51954939992544,235.98238232851827,237.20892333984372,44249600,-0.004644562289381371,0.18435445022648,232.68272171020507,222.53210845947265,56.78573701002003,AAPL,2026-06-27T16:07:21.576968
2025-09-19,240.5494606794321,245.60516498271892,239.53234916144805,244.8074188232422,163741300,0.03203292429480942,0.22229278666880536,233.70981674194337,223.19684356689453,64.39655692675936,AAPL,2026-06-27T16:07:21.576968
2025-09-22,247.5995237986898,255.9160073848096,247.42002368458668,255.3575592041016,105517400,0.04309567263758818,0.27496831647036957,235.12182159423827,224.09748260498046,74.15689843516648,AAPL,2026-06-27T16:07:21.576968
2025-09-23,255.15815615601056,256.6140289111009,252.86464151383095,253.7122344970703,60275200,-0.00644321911659651,0.26675341624063287,236.48147506713866,225.01581481933593,66.81418383007258,AAPL,2026-06-27T16:07:21.576968
2025-09-24,254.49999981420797,255.018537102084,250.33178410429736,251.59820556640625,42303700,-0.008332388601025364,0.25619833451483953,237.62823104858398,225.88210510253907,62.97910570211353,AAPL,2026-06-27T16:07:21.576968
2025-09-25,252.49566170312627,256.4444966190252,250.99989343760635,256.14532470703125,55202100,0.018072939472633998,0.2789015309801499,238.94350814819336,226.81842041015625,66.28743489630548,AAPL,2026-06-27T16:07:21.576968
2025-09-26,253.38317016390943,256.8732963908738,253.06406560531616,254.7393341064453,46076300,-0.005489034797703463,0.2718815959737637,240.08527908325195,227.72940490722655,66.79405638105818,AAPL,2026-06-27T16:07:21.576968
2025-09-29,253.8418726304012,254.28063380560437,252.2962422052969,253.7122344970703,40127700,-0.004031963155504692,0.2667534162406331,241.1966354370117,228.59673950195312,70.14446602466363,AAPL,2026-06-27T16:07:21.576968
2025-09-30,254.1410137555297,255.1980209495745,252.39595068950493,253.9116668701172,37704300,0.0007860573749713939,0.2677491571057393,242.43862228393556,229.44216522216797,82.76841856524511,AAPL,2026-06-27T16:07:21.576968
2025-10-01,254.32049261064776,258.0599285933123,254.21080232618837,254.72933959960935,48713900,0.0032203038937570483,0.2718316946526742,243.28522644042968,230.2656964111328,81.72745190911998,AAPL,2026-06-27T16:07:21.576968
2025-10-02,255.85613542550084,257.4516276685696,253.43299812845933,256.40460205078125,42630200,0.006576637201686886,0.2801960702900115,244.1502799987793,231.12771270751952,80.58359455638615,AAPL,2026-06-27T16:07:21.576968
2025-10-03,253.9515436206674,258.5086431914624,253.23357360959045,257.2920837402344,49155600,0.0034612549164674267,0.28462715523234516,245.06419372558594,232.01524810791017,79.6440967974328,AAPL,2026-06-27T16:07:21.576968
2025-10-06,257.262186546101,258.339156849437,254.33049322602108,255.9658660888672,44664100,-0.00515452178741016,0.27800551657200123,246.0020408630371,232.87386840820312,75.86506058252635,AAPL,2026-06-27T16:07:21.576968
2025-10-07,256.0855101139428,256.6738420114173,254.70939836699205,255.75645446777344,31955800,-0.0008181232298413166,0.2769599505710283,247.10541915893555,233.7249139404297,74.83677784272516,AAPL,2026-06-27T16:07:21.576968
2025-10-08,255.7963062732735,257.7906639625656,255.3874592951906,257.3319702148437,36496900,0.006160218909621928,0.28482630340536574,248.6645080566406,234.66285034179688,78.27923445287975,AAPL,2026-06-27T16:07:21.576968
2025-10-09,257.08267167133846,257.2721380835156,252.42584836214985,253.32330322265625,38322000,-0.015577803989300865,0.26481153109061895,249.8616195678711,235.56483764648436,63.31049318969406,AAPL,2026-06-27T16:07:21.576968
2025-10-10,254.2207817432353,255.6567217403356,243.3116425485481,244.57806396484372,61999100,-0.03452204809648318,0.22114764658132202,250.42003860473633,236.32140289306642,32.143967476995016,AAPL,2026-06-27T16:07:21.576968
2025-10-13,248.67648318296307,248.98560621270488,244.867252416582,246.9613342285156,38142900,0.009744415443628807,0.23304701656761995,250.96649322509765,237.2290237426758,39.084129480377975,AAPL,2026-06-27T16:07:21.576968
2025-10-14,245.90431694508948,248.1479694164288,244.00966795095763,247.07101440429688,35478000,0.0004441188177246591,0.23359463595081698,251.44613647460938,238.1195147705078,42.17238100564907,AAPL,2026-06-27T16:07:21.576968
2025-10-15,248.78616738422892,251.1095960297993,246.7718617608356,248.63658142089844,33893600,0.006336506208048043,0.2414113160197342,251.96217575073243,239.04988342285156,35.524760630083364,AAPL,2026-06-27T16:07:21.576968
2025-10-16,247.54965348458143,248.33741809379524,244.43846029169785,246.7519073486328,39777000,-0.007580035333075941,0.2320013743814242,252.43932495117187,239.73677459716797,34.8809979054337,AAPL,2026-06-27T16:07:21.576968
2025-10-17,247.3203043073955,252.66518358811555,246.5724201648456,251.5782470703125,49147000,0.01955948293789933,0.2560986842431061,252.7778663635254,240.3851287841797,46.46859579634297,AAPL,2026-06-27T16:07:21.576968
2025-10-20,255.168106265739,263.63416054313814,254.90884523128253,261.50018310546875,90483000,0.039438767662544505,0.30563766841219775,253.08499755859376,241.04625793457032,59.5006241147867,AAPL,2026-06-27T16:07:21.576968
2025-10-21,261.141213133835,264.5415968076956,261.0913359303388,262.0286865234375,46695900,0.002021044160246621,0.3082764197973402,253.5008201599121,241.7560498046875,59.205243623275685,AAPL,2026-06-27T16:07:21.576968
2025-10-22,261.9090501595624,262.1084981259862,254.70941678507808,257.7209167480469,45015300,-0.016440069339527463,0.28676826474060313,253.80695571899415,242.33042541503906,51.556653481926325,AAPL,2026-06-27T16:07:21.576968
2025-10-23,259.206686997747,259.8847613495841,257.28213901467177,258.8476867675781,32754900,0.0043720549878099035,0.2923940863506178,253.94207382202148,242.85394409179688,51.829279233693704,AAPL,2026-06-27T16:07:21.576968
2025-10-24,260.4531458541269,263.3848541030092,258.44880663072195,262.0785522460937,38253700,0.01248172436409134,0.30852539310622795,254.3090347290039,243.45304901123046,56.879904238017254,AAPL,2026-06-27T16:07:21.576968
2025-10-27,264.13273028939324,268.3607587413759,263.9033682058253,268.0516357421875,44888200,0.022791195406501874,0.33834825103488164,255.02600479125977,244.19534851074218,62.24915349518246,AAPL,2026-06-27T16:07:21.576968
2025-10-28,268.2311073414233,269.12859257872884,267.39348082722177,268.2410888671875,41534800,0.0007067784700340862,0.33929416676412094,255.7424758911133,244.95539764404296,61.176959086708024,AAPL,2026-06-27T16:07:21.576968
2025-10-29,268.5203194424725,270.6443152614699,266.35642794866993,268.93914794921875,51086700,0.0026023570250897077,0.34277948834766114,256.4529663085938,245.73598937988282,67.16358435480751,AAPL,2026-06-27T16:07:21.576968
2025-10-30,271.2226702585742,273.36662916750566,267.72259312931254,270.63433837890625,69886500,0.006303249053230431,0.3512433618862858,257.164453125,246.64122833251952,83.89111174621321,AAPL,2026-06-27T16:07:21.576968
2025-10-31,276.2085578376442,276.53764389728985,268.4006608909581,269.60723876953125,86167100,-0.0037951562818203666,0.34611518215315495,257.7802108764648,247.54806274414062,80.53243866652514,AAPL,2026-06-27T16:07:21.576968
2025-11-03,269.6571458353552,270.08592548154905,265.4988962118729,268.2909851074219,50194600,-0.004882115436205092,0.33954329244345494,258.3964668273926,248.371533203125,77.70841402747027,AAPL,2026-06-27T16:07:21.576968
2025-11-04,267.5730004152706,270.7240893859628,266.8650119182292,269.2781982421875,49274800,0.0036796358788213634,0.3444723240035643,259.07255401611326,249.2267138671875,77.36655967677265,AAPL,2026-06-27T16:07:21.576968
2025-11-05,267.8521863717013,270.93349568379296,266.17693326929896,269.3778991699219,43683100,0.00037025250608935245,0.3449701182508944,259.6748504638672,250.04101013183595,81.48775605805335,AAPL,2026-06-27T16:07:21.576968
2025-11-06,267.1342708755924,272.6287059365568,267.1342708755924,269.0089416503906,51204000,-0.0013696651457605347,0.3431279595578367,260.4591323852539,250.82439331054687,77.69339152881443,AAPL,2026-06-27T16:07:21.576968
2025-11-07,269.03885049148494,271.5218466038475,266.0173996929098,267.7126159667969,48227400,-0.004818894404181151,0.3366555677494243,261.61585998535156,251.54056732177733,63.596774215094186,AAPL,2026-06-27T16:07:21.576968
2025-11-10,268.46119877683986,273.2223721938244,266.9639805623884,268.9303283691406,41312400,0.004548580566314353,0.3427354532887452,262.7143096923828,252.28947174072266,64.66284653198942,AAPL,2026-06-27T16:07:21.576968
2025-11-11,269.3096487524697,275.3983427074405,269.2996575494418,274.73956298828125,46208300,0.021601262506795837,0.371740234292417,264.09773712158204,253.20282440185548,83.98845896459798,AAPL,2026-06-27T16:07:21.576968
2025-11-12,274.49005224267427,275.2187095291286,271.19618380015726,272.962890625,48398000,-0.006466751071293797,0.3628695316627697,265.3140525817871,253.90613708496093,77.47664473019807,AAPL,2026-06-27T16:07:21.576968
2025-11-13,273.6016390736082,276.1868626363035,271.58539619817094,272.4438171386719,49602800,-0.001901626573266424,0.3602778627454646,266.59864807128906,254.5729428100586,72.55865666506828,AAPL,2026-06-27T16:07:21.576968
2025-11-14,270.5473523374902,275.4482508823214,269.1000594959977,271.90484619140625,47431300,-0.001978282909578022,0.3575868482973179,267.61497802734374,255.2307635498047,60.98411825704483,AAPL,2026-06-27T16:07:21.576968
2025-11-17,268.3214829895084,269.98836893107386,265.237217022597,266.9639892578125,45018300,-0.01817127205638569,0.33291776833673614,267.88816833496094,255.82586486816408,47.13543306655423,AAPL,2026-06-27T16:07:21.576968
2025-11-18,269.48928956232544,270.2079555294705,264.8279672087311,266.94403076171875,45677300,-7.47610048428271e-05,0.3328181180650025,268.133935546875,256.4909677124023,45.38449808111016,AAPL,2026-06-27T16:07:21.576968
2025-11-19,265.0376012369211,271.7052065666708,265.0076580872151,268.0619812011719,40424500,0.004187958188325291,0.33839990461610103,268.65098876953124,257.32920349121093,43.88581575408345,AAPL,2026-06-27T16:07:21.576968
2025-11-20,270.327749378444,274.91922505965954,265.4268814706152,265.7562561035156,45823600,-0.008601462569680418,0.3268877079332817,268.9964172363281,258.0567071533203,41.371161302233986,AAPL,2026-06-27T16:07:21.576968
2025-11-21,265.4568071090486,272.8230952896135,265.17732758833057,270.98651123046875,59030800,0.019680647235321702,0.35300171683400117,269.4418151855469,258.8082437133789,55.13852318726083,AAPL,2026-06-27T16:07:21.576968
2025-11-24,270.397645153795,276.48633959077114,270.397645153795,275.4083557128906,65585800,0.016317581500066458,0.3750794326181699,269.80965118408204,259.59576599121095,60.33292009814764,AAPL,2026-06-27T16:07:21.576968
2025-11-25,274.75950033189645,279.8600396675645,274.7395483878858,276.45635986328125,46914200,0.0038052736187974556,0.3803119861068629,270.22041473388674,260.3753302001953,61.56175136753935,AAPL,2026-06-27T16:07:21.576968
2025-11-26,276.4464065684995,279.0116481613461,276.11703191175064,277.0353088378906,33431400,0.002094178534708613,0.38320260583936894,270.62522277832034,261.14972045898435,63.02071369163135,AAPL,2026-06-27T16:07:21.576968
2025-11-28,276.7458380127342,278.4826014787427,275.4781737009374,278.3328857421875,20135600,0.0046837961187689015,0.3896812448360705,271.01015014648436,261.9721997070312,67.22795323965025,AAPL,2026-06-27T16:07:21.576968
2025-12-01,277.4944549964911,282.89442609469603,275.6279276857388,282.57501220703125,46587700,0.01524119743713337,0.4108616510632983,271.6585388183594,262.72755157470704,70.15629719458482,AAPL,2026-06-27T16:07:21.576968
2025-12-02,282.47518456741903,286.86701880065203,282.10587559562896,285.6592712402344,53669500,0.010914832876105063,0.4262609701959599,272.526953125,263.3335858154297,67.54326528491008,AAPL,2026-06-27T16:07:21.576968
2025-12-03,285.6692634925469,288.0847586222564,282.77461708045536,283.623046875,43538700,-0.007128157809805358,0.4160943569224369,273.24419555664065,263.93180206298825,66.98462926837807,AAPL,2026-06-27T16:07:21.576968
2025-12-04,283.5731318378766,284.20196835267484,278.0733405949076,280.179443359375,43989100,-0.012141479874668626,0.39890087578723143,273.7842727661133,264.50342681884763,61.27435064213018,AAPL,2026-06-27T16:07:21.576968
2025-12-05,280.01974631085085,280.6186397013617,277.5343433093784,278.26300048828125,47265800,-0.006840055245008081,0.3893323165145566,274.2469757080078,264.94578033447266,58.909026534141354,AAPL,2026-06-27T16:07:21.576968
2025-12-08,277.6142094762677,279.15136205700173,275.6378704438954,277.3746643066406,38211800,-0.003192433705098474,0.38489696519973293,274.730078125,265.39848693847654,66.4563098834242,AAPL,2026-06-27T16:07:21.576968
2025-12-09,277.6441787437343,279.5107061083118,276.4064879695729,276.6659851074219,32193300,-0.0025549528865235205,0.3813586187009581,275.1168609619141,265.8575619506836,65.04016293679024,AAPL,2026-06-27T16:07:21.576968
2025-12-10,277.23491184461454,279.2312028389952,275.92734368017386,278.26300048828125,33038300,0.005772358970110858,0.3893323165145566,275.29303283691405,266.3445886230469,65.55078859539674,AAPL,2026-06-27T16:07:21.576968
2025-12-11,278.5824273392719,279.07150890817053,273.3022288840155,277.514404296875,33248000,-0.002690246960942222,0.38559466947231447,275.52060852050784,266.8002899169922,68.81790697788003,AAPL,2026-06-27T16:07:21.576968
2025-12-12,277.3846158689452,278.70217518025987,276.30663218031253,277.763916015625,39532900,0.0008990946591842519,0.38684045023943114,275.78661346435547,267.22747619628905,62.903851830159695,AAPL,2026-06-27T16:07:21.576968
2025-12-15,279.6304615267261,279.6304615267261,272.33402020742307,273.6016540527344,50409100,-0.014984890847580368,0.36605879746958414,275.8714538574219,267.55366760253906,46.52578577967653,AAPL,2026-06-27T16:07:21.576968
2025-12-16,272.3140798989353,274.9891026980292,271.2859911871425,274.1007385253906,37648600,0.0018241281266524467,0.36855066374470935,276.2282913208008,267.9163650512695,45.372545211040816,AAPL,2026-06-27T16:07:21.576968
2025-12-17,274.50001118897205,275.6478724530811,271.13626563598973,271.3358764648437,50138700,-0.010087028861802239,0.3547460537006779,276.44788360595703,268.22795349121094,39.68935396356907,AAPL,2026-06-27T16:07:21.576968
2025-12-18,273.1025913325419,273.12257373871984,266.4549687260805,271.68524169921875,51630700,0.001287574790797441,0.3564903905673553,276.62904663085936,268.51501892089846,37.54673618495529,AAPL,2026-06-27T16:07:21.576968
2025-12-19,271.6453053723066,274.09077415448866,269.399477884542,273.1625061035156,144632000,0.005437411303821804,0.36386618675055193,276.9993591308594,268.91180297851565,30.32955735461259,AAPL,2026-06-27T16:07:21.576968
2025-12-22,272.3539780142796,273.37210596231955,270.00836035897595,270.4674987792969,36571800,-0.009865948891234266,0.35041035265758835,276.9734085083008,269.42959167480467,17.726869596336428,AAPL,2026-06-27T16:07:21.576968
2025-12-23,270.3377490962612,271.99467443806464,269.06012395403746,271.8549194335937,29642000,0.005129713035979089,0.3573375702475372,276.7957366943359,269.9274633789062,24.291310655274245,AAPL,2026-06-27T16:07:21.576968
2025-12-24,271.8349404799371,274.9192064044749,271.69521595033444,273.3022155761719,17910600,0.005323781322749577,0.36456373865268743,276.63802947998045,270.45208740234375,33.54032730465228,AAPL,2026-06-27T16:07:21.576968
2025-12-26,273.65160578690546,274.8593534534055,272.35399820928086,272.8930053710937,21521800,-0.0014972809650133367,0.36252060334125535,276.4309143066406,270.93721588134764,36.148318880555166,AAPL,2026-06-27T16:07:21.576968
2025-12-29,272.1843267483383,273.8512128461511,271.8449608988494,273.2523498535156,23715200,0.0013167962364344366,0.3643147653437995,276.17688751220703,271.4672247314453,39.06833182808452,AAPL,2026-06-27T16:07:21.576968
2025-12-30,272.30405905646904,273.57169281796894,271.77504318392386,272.57354736328125,22139600,-0.0024841597541549465,0.36092558951173315,275.6768142700195,271.8871307373047,39.13033610598222,AAPL,2026-06-27T16:07:21.576968
2025-12-31,272.553621806917,273.17246717497864,271.24605357156486,271.3558349609375,27293600,-0.004467463604312272,0.3548457039724122,274.9616424560547,272.08424377441406,31.277070959416548,AAPL,2026-06-27T16:07:21.576968
2026-01-02,271.7551282774649,277.3247672708593,268.5011639041959,270.5074462890625,37838100,-0.00312648029845064,0.3506098055715019,274.3058624267578,272.2538189697266,31.108770775053713,AAPL,2026-06-27T16:07:21.576968
2026-01-05,270.1381413175191,271.00652312062255,265.64648609237463,266.764404296875,45647200,-0.013837112595369017,0.3319212656193995,273.63511047363284,272.43468872070315,25.045418291386284,AAPL,2026-06-27T16:07:21.576968
2026-01-06,266.5048844877732,267.0538524025104,261.63392891626114,261.8734741210937,52352100,-0.018334268354402772,0.30750146370859754,272.8156341552734,272.4952044677734,24.24385398892592,AAPL,2026-06-27T16:07:21.576968
2026-01-07,262.7119324450406,263.1910228349833,259.3282042611396,259.84722900390625,48309800,-0.007737496605900951,0.2973846755709417,271.9392623901367,272.45057800292966,20.665624077528705,AAPL,2026-06-27T16:07:21.576968
2026-01-08,256.5433578451618,258.80916773471864,255.22581364132836,258.55963134765625,50419300,-0.0049552102640688656,0.2909558617101069,271.03394470214846,272.26073791503904,22.003562983490767,AAPL,2026-06-27T16:07:21.576968
2026-01-09,258.5995368285105,259.7274461787287,255.74485516422808,258.8890075683594,39997000,0.0012738888084979916,0.2926003959346042,270.0652450561523,272.0736962890625,21.935175554493725,AAPL,2026-06-27T16:07:21.576968
2026-01-12,258.679389570116,260.81540508500296,256.32375036738995,259.7673645019531,45263800,0.003392793467145605,0.2969859221135609,269.1778930664062,271.8902606201172,19.829036799155517,AAPL,2026-06-27T16:07:21.576968
2026-01-13,258.24022168851656,261.3244878277737,257.9108470550362,260.5658874511719,45730800,0.00307399257312313,0.30097284720558326,268.31799163818357,271.6888916015625,25.6144928930471,AAPL,2026-06-27T16:07:21.576968
2026-01-14,259.0087756526009,261.334471811998,256.2339322781376,259.4779052734375,40019400,-0.004175458991876879,0.2955406884325311,267.61180419921874,271.48630493164063,19.061807729628214,AAPL,2026-06-27T16:07:21.576968
2026-01-15,260.16664839115424,260.55593980217856,256.57331808587395,257.7311706542969,39388600,-0.006731727764257678,0.2868194612104844,266.79332580566404,271.2751086425781,11.651915630486755,AAPL,2026-06-27T16:07:21.576968
2026-01-16,257.4217218192236,258.41986733264514,254.4572284259222,255.05612182617188,72142800,-0.010379221191344046,0.2734632773892547,265.97933807373045,270.9906671142578,10.482061794889006,AAPL,2026-06-27T16:07:21.576968
2026-01-20,252.26132447540704,254.31750190322293,242.9685916985444,246.2425079345703,80267500,-0.034555586545020445,0.22945800689552498,264.707201385498,270.5279592895508,6.4671304291368585,AAPL,2026-06-27T16:07:21.576968
2026-01-21,248.2388060412761,251.09350304772093,244.72532928784557,247.1907501220703,54641700,0.0038508468560267684,0.2341924613959956,263.40861358642576,270.0915954589844,9.441767089814945,AAPL,2026-06-27T16:07:21.576968
2026-01-22,248.737864640942,250.5345296526772,247.68980878155543,247.8894500732422,39708300,0.002826561879143208,0.23768098275890348,262.279711151123,269.6951321411133,11.871524377394039,AAPL,2026-06-27T16:07:21.576968
2026-01-23,246.8613663013417,248.94748685874612,244.22624741136653,247.58001708984372,41689000,-0.0012482700788881695,0.2361360226209166,261.0659660339355,269.2681259155273,12.08314912052262,AAPL,2026-06-27T16:07:21.576968
2026-01-26,251.01365072947277,256.0842321951532,249.33677343540955,254.93637084960935,55969200,0.029713035188522863,0.2728653757588526,260.1476737976074,268.8720620727539,32.527276546903195,AAPL,2026-06-27T16:07:21.576968
2026-01-27,258.6894015269614,261.4642450011371,257.73115984508394,257.7910461425781,49648300,0.011197599163490057,0.28711841202568533,259.39257583618166,268.5686251831055,43.5832840070647,AAPL,2026-06-27T16:07:21.576968
2026-01-28,257.1721946066941,258.3799421919039,254.03801819206552,255.9644470214844,41288000,-0.007085580156587223,0.277998431346258,258.5281806945801,268.2390377807617,43.85854145005445,AAPL,2026-06-27T16:07:21.576968
2026-01-29,257.52154586161765,259.16847988830324,253.93820707645816,257.801025390625,67253000,0.0071751307281611165,0.28716823716155226,257.78955459594727,267.9569613647461,48.82058328414748,AAPL,2026-06-27T16:07:21.576968
2026-01-30,254.6968198516284,261.4143357105436,251.7123589200436,258.99884033203125,92443400,0.004646276870277299,0.2931487771700316,257.171704864502,267.79765838623047,50.16626889639771,AAPL,2026-06-27T16:07:21.576968
2026-02-02,259.5477742456141,269.98836769074944,258.72928762151224,269.50927734375,73913400,0.040581019583889155,0.34562607302125103,257.12179641723634,267.8489633178711,61.41789117587936,AAPL,2026-06-27T16:07:21.576968
2026-02-03,268.70080609664296,271.3758289780004,267.11372779647115,268.98028564453125,64394700,-0.0019627958800989553,0.3429848837089713,257.23259048461915,267.8673294067383,59.92469809045588,AAPL,2026-06-27T16:07:21.576968
2026-02-04,271.7850411492978,278.432693698261,271.7850411492978,275.97723388671875,90545700,0.02601286642781786,0.37791977010347133,257.9377784729004,268.07174896240235,67.07998989069313,AAPL,2026-06-27T16:07:21.576968
2026-02-05,277.6142303156022,278.98168486317746,272.72332314901723,275.3983459472656,52977400,-0.002097593092373451,0.37502945511185737,258.71533432006834,268.1599856567383,68.74210065577506,AAPL,2026-06-27T16:07:21.576968
2026-02-06,276.6060720438839,280.3890519626743,276.4164219647768,277.6042175292969,50453400,0.008009748840153375,0.3860430956951162,259.6675636291504,268.2039028930664,74.16049620092893,AAPL,2026-06-27T16:07:21.576968
2026-02-09,277.6541982366954,277.9439398399519,271.4499228389202,274.3672180175781,44623400,-0.01166048390953256,0.3698811624798446,260.4414741516113,268.16212005615233,84.22619080778134,AAPL,2026-06-27T16:07:21.576968
2026-02-10,274.6369782150198,275.11651686144285,272.68876099546605,273.4280700683594,34376900,-0.003422959769044165,0.3651921143723047,261.12450942993166,268.08997528076173,81.93641205162903,AAPL,2026-06-27T16:07:21.576968
2026-02-11,274.44714753122867,279.92208361183503,274.1973776592452,275.24639892578125,51931300,0.006650117732854843,0.37427080266084567,261.8585350036621,268.0282455444336,82.41569927537411,AAPL,2026-06-27T16:07:21.576968
2026-02-12,275.3363333447182,275.46621856633783,259.94051360693726,261.4891052246094,81077200,-0.04998173910671744,0.3055823579402721,261.9590950012207,267.60652740478514,62.49807362508936,AAPL,2026-06-27T16:07:21.576968
2026-02-13,261.7688319830923,261.9886306947134,255.21485759663088,255.5445556640625,56290700,-0.022733450234726726,0.2759019663786997,261.84976425170896,267.00423309326175,50.56071342757996,AAPL,2026-06-27T16:07:21.576968
2026-02-17,257.8124646511843,266.0449008431299,255.30478047881587,263.6371154785156,58469100,0.03166790148756515,0.31630710415777097,262.2788139343262,266.60451446533204,54.91505819639912,AAPL,2026-06-27T16:07:21.576968
2026-02-18,263.35737977838915,266.57441720150126,262.20844437502524,264.106689453125,34203300,0.0017811375828364895,0.318651628211541,263.1720230102539,266.283059387207,57.005407295884666,AAPL,2026-06-27T16:07:21.576968
2026-02-19,262.35827847824623,264.2365527856389,259.81060750150084,260.3401184082031,30845300,-0.014261551090285374,0.29984561064551407,263.82949142456056,265.92460174560546,52.11436116819085,AAPL,2026-06-27T16:07:21.576968
2026-02-20,258.73163460792017,264.5063132392292,257.9223826043077,264.3364562988281,42070500,0.015350449692731916,0.31979882530004633,264.65184173583987,265.66383758544924,54.24682028124201,AAPL,2026-06-27T16:07:21.576968
2026-02-23,263.24744081710827,269.1819753311392,263.13755670993424,265.9349670410156,37308200,0.006047257970275721,0.32777998926550267,265.56958923339846,265.44921722412107,46.68619288058999,AAPL,2026-06-27T16:07:21.576968
2026-02-24,267.61343657617186,274.6369951599546,267.46358073991865,271.8895263671875,47014600,0.02239103564464129,0.35751035833338807,266.41724700927733,265.3217477416992,52.45066535320121,AAPL,2026-06-27T16:07:21.576968
2026-02-25,271.5298429675081,274.6869380517792,270.8005039088116,273.97760009765625,33714300,0.007679860855135612,0.3679358489947937,267.22657470703126,265.25101165771486,48.16369677511928,AAPL,2026-06-27T16:07:21.576968
2026-02-26,274.6969199809464,275.8558253670768,270.55071567552415,272.6987609863281,32345100,-0.0046676776162442035,0.3615507654519827,268.06329040527345,265.1497085571289,47.5523833134853,AAPL,2026-06-27T16:07:21.576968
2026-02-27,272.5588900215503,272.5588900215503,262.6480379442022,263.93682861328125,72366500,-0.03213044438249635,0.31780353430868247,268.3700805664063,264.95641204833987,38.924908489222716,AAPL,2026-06-27T16:07:21.576968
2026-03-02,262.16844722421786,266.2846497598317,259.960490133898,264.476318359375,41827900,0.0020440108677830526,0.32049713905441224,268.6439544677734,264.76392364501953,41.61870099886165,AAPL,2026-06-27T16:07:21.576968
2026-03-03,263.23749216234586,265.3155642216452,259.8905695547566,263.5072326660156,38568900,-0.003664168116717992,0.31565861553927177,268.3438522338867,264.60735076904297,41.59759563542075,AAPL,2026-06-27T16:07:21.576968
2026-03-04,264.4063951364299,265.9050144519466,261.179387723623,262.2783508300781,39803100,-0.0046635601744375865,0.3095229624166871,268.0087554931641,264.41921295166014,38.906006630231204,AAPL,2026-06-27T16:07:21.576968
2026-03-05,260.549954795684,261.3192350446657,257.0132047817476,260.0504150390625,49658600,-0.008494547048829904,0.2983991580009153,267.21241455078126,264.1569711303711,48.46676766145887,AAPL,2026-06-27T16:07:21.576968
2026-03-06,258.39192833924307,258.53178361058343,254.13584003818684,257.2229919433594,41120000,-0.010872595974432131,0.2842821885424285,266.30364685058595,263.89208099365237,51.9160330288295,AAPL,2026-06-27T16:07:21.576968
2026-03-09,255.45463216869052,260.9095975388004,253.44647267699952,259.6407775878906,38218500,0.009399570490431275,0.2963538895032385,265.4054748535156,263.6477981567383,44.75890112704918,AAPL,2026-06-27T16:07:21.576968
2026-03-10,257.4128391437035,262.2384104290217,256.71350175461305,260.58990478515625,30590800,0.0036555398041986376,0.3010927627466453,264.7166091918945,263.393551940918,45.44511673573155,AAPL,2026-06-27T16:07:21.576968
2026-03-11,260.8496568052655,261.888707997661,259.3110658747261,260.5699157714844,26218900,-7.670678451010549e-05,0.30099296010446563,264.0737014770508,263.14709014892577,50.32961953238675,AAPL,2026-06-27T16:07:21.576968
2026-03-12,258.4219063383753,258.71164792954545,253.94601921584928,255.52456665039065,40794000,-0.01936274610273281,0.27580216373652,263.0876098632813,262.79253448486327,37.729559748427704,AAPL,2026-06-27T16:07:21.576968
2026-03-13,255.2448374700317,256.0940459350445,249.29033192864068,249.8897705078125,36930000,-0.022051876328148534,0.24766833220261786,262.5076431274414,262.3388589477539,29.915017713874875,AAPL,2026-06-27T16:07:21.576968
2026-03-16,251.8779423541949,253.6563027081548,249.6499992581203,252.58729553222656,32074200,0.010794859745288043,0.2611367368573825,262.3597801208496,261.9634881591797,23.69281473911613,AAPL,2026-06-27T16:07:21.576968
2026-03-17,252.72716690012703,254.89516767044785,251.94787083452104,253.99598693847656,32361600,0.005577047742174601,0.2681701566482464,261.87772369384766,261.633258972168,22.25304005305658,AAPL,2026-06-27T16:07:21.576968
2026-03-18,252.3974721128864,254.70534343896443,248.7708084606242,249.7099456787109,35757900,-0.016874444795081822,0.24677048934911539,261.15788650512695,261.2921697998047,20.537776343707506,AAPL,2026-06-27T16:07:21.576968
2026-03-19,249.17043241392184,251.5982036354298,247.0723745163624,248.73085021972656,34864100,-0.003920930967820202,0.24188198832766217,260.5774230957031,261.02931732177734,25.655801900458712,AAPL,2026-06-27T16:07:21.576968
2026-03-20,247.7517334570195,248.97061168291063,245.77356028907465,247.76173400878903,88331100,-0.0038962445152317393,0.23704331244207544,259.7486869812011,260.787607421875,23.60369651915127,AAPL,2026-06-27T16:07:21.576968
2026-03-23,253.73622734962268,254.3656523266213,250.0496214753341,251.25851440429688,40546100,0.014113480475494988,0.25450229907956823,259.0148643493652,260.64158508300784,32.08651331351706,AAPL,2026-06-27T16:07:21.576968
2026-03-24,250.1195650925759,254.5954370944537,249.32029842391177,251.4083709716797,45152300,0.0005964238375686381,0.25525051415502387,257.99080657958984,260.4919723510742,33.58480827148236,AAPL,2026-06-27T16:07:21.576968
2026-03-25,253.86611511385965,254.76528059453105,251.3684162845015,252.3874664306641,28476700,0.0038944425565474727,0.2601390151764773,256.9112998962402,260.34437438964846,37.97428282569963,AAPL,2026-06-27T16:07:21.576968
2026-03-26,251.88793104116343,256.7634441190972,250.53918279672283,252.6572265625,41796700,0.0010688333127271132,0.261485893734565,255.90922317504882,260.186201171875,42.2093915753056,AAPL,2026-06-27T16:07:21.576968
2026-03-27,253.666280215245,255.2548282141602,247.8416601166152,248.57098388671875,47900000,-0.016173068672430957,0.2410837957458929,255.14093093872071,259.96806274414064,32.12904471791056,AAPL,2026-06-27T16:07:21.576968
2026-03-30,249.83982057534303,250.63907198816295,245.2840052006544,246.40298461914065,39446200,-0.008721851736991582,0.23025924688621457,254.23726425170904,259.7414990234375,27.964008786391588,AAPL,2026-06-27T16:07:21.576968
2026-03-31,247.6818040942864,255.24482803058763,246.8725521332485,253.55638122558597,49598100,0.029031290418426448,0.26597526037252295,253.7397216796875,259.7115042114258,41.08231627463364,AAPL,2026-06-27T16:07:21.576968
2026-04-01,253.8461228128272,255.9441806293992,253.096813183035,255.3946990966797,40059400,0.007250134515282447,0.2751537513032434,253.3955390930176,259.894548034668,49.82021128501081,AAPL,2026-06-27T16:07:21.576968
2026-04-02,253.9660149621701,255.89424639361263,250.4192795609811,255.68443298339844,31289400,0.0011344553655323608,0.27660035631828817,253.17723999023437,260.06442169189455,59.415585542565374,AAPL,2026-06-27T16:07:21.576968
2026-04-06,256.2738916739028,261.9186847371787,256.2239194053331,258.6217041015625,29329900,0.011487876222620041,0.29126578319742524,253.24717559814454,260.27906677246096,59.72933968980934,AAPL,2026-06-27T16:07:21.576968
2026-04-07,255.92421782448065,255.96418954301225,245.47383916108728,253.26666259765625,62148000,-0.0207060792616357,0.2645287315427012,252.9284698486328,260.3927996826172,48.95684880473123,AAPL,2026-06-27T16:07:21.576968
2026-04-08,258.2121146377317,259.51090582044134,256.29386854025813,258.66168212890625,41032800,0.021301735790709264,0.2914653884817846,252.83205871582032,260.4673059082031,62.40996518548076,AAPL,2026-06-27T16:07:21.576968
2026-04-09,258.7615948993736,260.879638597066,255.8342992320816,260.2502136230469,28121600,0.006141348347641795,0.2993967273113738,252.81607360839843,260.5164892578125,65.70415570918564,AAPL,2026-06-27T16:07:21.576968
2026-04-10,259.7406946341393,261.94865175168746,258.7815563792568,260.240234375,31291500,-3.834482173115106e-05,0.2993469021755071,253.0518569946289,260.6020050048828,67.4685603039367,AAPL,2026-06-27T16:07:21.576968
2026-04-13,259.49093671136296,259.9405042051452,256.4237552437805,258.96142578125,36234700,-0.004913954203973225,0.29296197100314214,253.50543975830078,260.6252130126953,61.4972073349932,AAPL,2026-06-27T16:07:21.576968
2026-04-14,259.01136264890187,261.68888841493145,256.9532612999924,258.5917358398437,48370700,-0.001427586909096612,0.2911161554193784,253.80566177368163,260.61707092285155,60.65184150065993,AAPL,2026-06-27T16:07:21.576968
2026-04-15,257.92237663273806,266.3146386359468,257.5726926972944,266.18475341796875,49913500,0.02936295529114563,0.32902714136663347,254.41510009765625,260.55058044433594,67.10429694342304,AAPL,2026-06-27T16:07:21.576968
2026-04-16,266.55439590858066,266.91408037974617,261.0294875448873,263.15753173828125,43323100,-0.011372633634406881,0.3139126025976877,255.08747940063478,260.43412536621094,62.184078833866145,AAPL,2026-06-27T16:07:21.576968
2026-04-17,266.7142527536172,272.0493335842862,266.47448343207725,269.98126220703125,61436200,0.02593021154924191,0.3479826343402608,256.15,260.3142059326172,73.35950839191199,AAPL,2026-06-27T16:07:21.576968
2026-04-20,270.08114756253855,274.0275237795767,270.04120633500696,272.79864501953125,36590200,0.010435475371396441,0.3620494739219886,257.40184555053713,260.2622119140625,78.3963891440566,AAPL,2026-06-27T16:07:21.576968
2026-04-21,271.250098918132,272.5488901425708,265.1557075406741,265.9250183105469,50209800,-0.025196703995697067,0.32773031650008133,258.1351707458496,260.0286279296875,63.386732223738214,AAPL,2026-06-27T16:07:21.576968
2026-04-22,267.5734973129919,273.48803128351057,266.62435952726383,272.9185791015625,43249200,0.026298995241013978,0.3626482897750669,259.21068115234374,259.99965515136716,67.06230528206518,AAPL,2026-06-27T16:07:21.576968
2026-04-23,274.79681820267325,275.5161566987003,271.39995382845746,273.1783142089844,33399600,0.0009516944880663125,0.3639451146416188,260.25022354125974,259.9946600341797,67.04305274389995,AAPL,2026-06-27T16:07:21.576968
2026-04-24,272.50893317942314,272.80864483253174,269.4017800912603,270.8104858398437,38157100,-0.008667702544387423,0.3521228441010349,261.15788650512695,259.90594177246095,62.00790100295828,AAPL,2026-06-27T16:07:21.576968
2026-04-27,265.84505761361925,268.1129570778125,264.8260075108844,267.3636474609375,41466800,-0.012727861582673916,0.3349132116985456,262.0975196838379,260.0234326171875,64.43033403475798,AAPL,2026-06-27T16:07:21.576968
2026-04-28,272.0893199684016,272.97851539952296,268.4127145556596,270.4608154296875,40018900,0.011584102768505522,0.3503769835298973,263.3004112243652,260.3217578125,62.67439695369168,AAPL,2026-06-27T16:07:21.576968
2026-04-29,267.3037117460274,270.7905199823619,266.7942019267937,269.9213256835937,30047900,-0.001994705758897819,0.3476833787841671,264.1186584472656,260.44744201660154,60.628044760111536,AAPL,2026-06-27T16:07:21.576968
2026-04-30,270.25102650288807,275.7459641951834,267.893213328058,271.1002502441406,91848200,0.004367659937803081,0.3535696014865257,264.90393600463864,260.5873132324219,61.635642515457526,AAPL,2026-06-27T16:07:21.576968
2026-05-01,278.6032901046287,286.95561044034525,278.1137509144006,279.88214111328125,79915400,0.03239351812191993,0.3974164829015594,266.1138214111328,260.97815368652346,69.31020379190164,AAPL,2026-06-27T16:07:21.576968
2026-05-04,279.4025768563376,280.3716851917065,274.60697695873915,276.5751647949219,46668400,-0.011815603186417278,0.3809051642534358,267.01149444580074,261.2229278564453,65.74527265877373,AAPL,2026-06-27T16:07:21.576968
2026-05-05,276.6750995896243,284.3080821831616,276.2455026895375,283.9184265136719,49311700,0.026550690927708454,0.4175691504700052,268.5440826416015,261.5825970458984,65.59480353022443,AAPL,2026-06-27T16:07:21.576968
2026-05-06,281.66051049385584,287.7648717000964,280.8112868075762,287.245361328125,58336100,0.011717924952267644,0.43418011938986245,269.97326660156244,261.8897137451172,71.07150713426859,AAPL,2026-06-27T16:07:21.576968
2026-05-07,289.00371711581823,291.8611003514943,285.5169394038565,287.1754150390625,45224300,-0.00024350711440246364,0.4338308863274565,271.3195266723632,262.15367004394534,67.0564850111163,AAPL,2026-06-27T16:07:21.576968
2026-05-08,289.7430674686918,294.4886952888782,289.7330669166447,293.0500183105469,52692800,0.020456497888878378,0.4631620448266227,272.9600158691406,262.56069519042967,68.94040026190156,AAPL,2026-06-27T16:07:21.576968
2026-05-11,291.9800109863281,293.8800048828125,290.2300109863281,292.67999267578125,42247300,-0.0012626705737772692,0.46131455316795233,274.64594421386715,263.1355584716797,78.48869137638235,AAPL,2026-06-27T16:07:21.576968
2026-05-12,292.5599975585937,295.2699890136719,292.5599975585937,294.79998779296875,45748100,0.007243389265544797,0.47189942331595347,276.45635681152345,263.7420318603516,75.99753733875943,AAPL,2026-06-27T16:07:21.576968
2026-05-13,293.5,300.9200134277344,293.5,298.8699951171875,52684300,0.013805995565634221,0.49222046022731303,278.0906188964844,264.449287109375,77.9903062204965,AAPL,2026-06-27T16:07:21.576968
2026-05-14,299.82000732421875,300.45001220703125,295.3800048828125,298.2099914550781,35324900,-0.00220833028705536,0.48892514459002934,279.8432418823242,265.167919921875,81.0046902766718,AAPL,2026-06-27T16:07:21.576968
2026-05-15,297.8999938964844,303.20001220703125,296.5199890136719,300.2300109863281,54862800,0.0067738157309671365,0.4990108491566858,281.3556793212891,265.9715118408203,88.43187844140633,AAPL,2026-06-27T16:07:21.576968
2026-05-18,300.239990234375,300.6600036621094,294.9100036621094,297.8399963378906,34483000,-0.007960612067346995,0.487077805301805,282.60774688720704,266.78385192871093,82.55388569939822,AAPL,2026-06-27T16:07:21.576968
2026-05-19,296.9700012207031,300.510009765625,296.3500061035156,298.9700012207031,42243600,0.003793999787491842,0.49271977817910395,284.25999603271487,267.5704364013672,84.06062206534973,AAPL,2026-06-27T16:07:21.576968
2026-05-20,298.17999267578125,302.79998779296875,298.0799865722656,302.25,38229800,0.0109709963070026,0.5090964013528967,285.72656707763673,268.40363830566406,84.80910350227568,AAPL,2026-06-27T16:07:21.576968
2026-05-21,301.0599975585937,305.5400085449219,300.3999938964844,304.989990234375,42965100,0.009065310949131433,0.5227768294833759,287.31715087890626,269.2920397949219,82.43758772414012,AAPL,2026-06-27T16:07:21.576968
2026-05-22,306.1199951171875,311.3999938964844,305.8399963378906,308.82000732421875,43670200,0.012557845216167651,0.5418996252067947,289.217626953125,270.35794860839843,91.10259787648047,AAPL,2026-06-27T16:07:21.576968
2026-05-26,309.5599975585937,311.82000732421875,307.6700134277344,308.3299865722656,48000500,-0.001586751960143129,0.5394530129541539,291.2659439086914,271.5267529296875,87.70523176010981,AAPL,2026-06-27T16:07:21.576968
2026-05-27,308.3299865722656,313.260009765625,308.29998779296875,310.8500061035156,50430900,0.008173125031610828,0.5520351549093183,293.2854034423828,272.69200714111327,87.39092980737902,AAPL,2026-06-27T16:07:21.576968
2026-05-28,310.67999267578125,312.79998779296875,309.57000732421875,312.510009765625,48220400,0.005340207912225559,0.5603233453236174,295.4148376464844,273.86228759765623,88.20661368502246,AAPL,2026-06-27T16:07:21.576968
2026-05-29,311.7799987792969,315.0,309.5299987792969,312.0599975585937,70026800,-0.001439992937726342,0.5580764907257818,297.462825012207,275.1092886352539,84.2767544771921,AAPL,2026-06-27T16:07:21.576968
2026-06-01,309.6300048828125,310.94000244140625,305.0199890136719,306.3099975585937,48849900,-0.018425943872925732,0.5293674607579435,298.78421783447266,276.26087158203126,70.58284606139246,AAPL,2026-06-27T16:07:21.576968
2026-06-02,307.4599914550781,315.45001220703125,306.69000244140625,315.20001220703125,44534700,0.02902293336585271,0.5737541906634247,300.7154602050781,277.6096371459961,75.5766793797329,AAPL,2026-06-27T16:07:21.576968
2026-06-03,314.17999267578125,316.94000244140625,308.8500061035156,310.260009765625,50836700,-0.015672595971098935,0.5490893770753331,302.0325393676758,278.7896670532227,63.97543623155841,AAPL,2026-06-27T16:07:21.576968
2026-06-04,313.2300109863281,313.5400085449219,309.6499938964844,311.2300109863281,44869100,0.0031264139436979477,0.5539324717038558,303.2317718505859,279.9860998535156,65.85482415653253,AAPL,2026-06-27T16:07:21.576968
2026-06-05,312.8599853515625,315.1700134277344,307.1499938964844,307.3399963378906,65310500,-0.012498841728371679,0.534510115683452,304.24000091552733,281.0851504516602,58.28088323734265,AAPL,2026-06-27T16:07:21.576968
2026-06-08,308.739990234375,317.3999938964844,301.1700134277344,301.5400085449219,77949100,-0.01887156849768501,0.5055515029249411,304.6645004272461,282.0628060913086,53.99223693291677,AAPL,2026-06-27T16:07:21.576968
2026-06-09,300.2799987792969,300.75,287.7799987792969,290.54998779296875,70108800,-0.03644631040831148,0.4506797055136389,304.5580001831055,282.9023861694336,42.508898681284684,AAPL,2026-06-27T16:07:21.576968
2026-06-10,290.739990234375,294.75,287.3800048828125,291.5799865722656,52793300,0.003544996808021894,0.4558223604391469,304.3970001220703,283.8059262084961,40.11122066118089,AAPL,2026-06-27T16:07:21.576968
2026-06-11,293.7200012207031,297.0,289.5899963378906,295.6300048828125,42572500,0.013889904990249002,0.4760435947083268,304.23500061035156,284.64739868164065,41.53097808438871,AAPL,2026-06-27T16:07:21.576968
2026-06-12,296.0299987792969,297.1400146484375,289.6199951171875,291.1300048828125,38742100,-0.015221729613622226,0.4535756582117576,303.8810012817383,285.36210479736326,34.185619391526714,AAPL,2026-06-27T16:07:21.576968
2026-06-15,294.1199951171875,297.7799987792969,291.70001220703125,296.4200134277344,45732600,0.018170605764429082,0.47998800844589407,303.6905014038086,286.17681640625,40.19434131790692,AAPL,2026-06-27T16:07:21.576968
2026-06-16,295.25,300.4800109863281,293.9700012207031,299.239990234375,39874400,0.009513449426140408,0.49406779951553825,303.7605010986328,286.98918212890624,40.48828077144443,AAPL,2026-06-27T16:07:21.576968
2026-06-17,300.8500061035156,302.07000732421875,294.3599853515625,295.95001220703125,42745100,-0.010994446379867018,0.4776413512058788,303.60950164794923,287.84284912109376,36.78583743578457,AAPL,2026-06-27T16:07:21.576968
2026-06-18,298.1099853515625,300.57000732421875,295.6199951171875,298.010009765625,85962200,0.006960626705947437,0.48792666105689464,303.39750213623046,288.62981567382815,39.06956315289654,AAPL,2026-06-27T16:07:21.576968
2026-06-22,297.3099975585937,302.4200134277344,296.760009765625,297.010009765625,44879900,-0.0033555919842641613,0.48293378627987926,302.99850311279295,289.36501159667966,42.18751281819903,AAPL,2026-06-27T16:07:21.576968
2026-06-23,297.5400085449219,301.6400146484375,294.17999267578125,294.29998779296875,52010900,-0.00912434558954689,0.46940298592744645,302.27250213623046,290.04620666503905,30.408685891091096,AAPL,2026-06-27T16:07:21.576968
2026-06-24,295.3599853515625,299.70001220703125,292.94000244140625,293.0799865722656,53081900,-0.004145434153267291,0.46331167260466977,301.51000213623047,290.72857788085935,32.68841765639637,AAPL,2026-06-27T16:07:21.576968
2026-06-25,287.3999938964844,288.79998779296875,273.75,275.1499938964844,107013700,-0.06117781321571136,0.37378946442169103,299.7250015258789,291.0597430419922,22.904770329844595,AAPL,2026-06-27T16:07:21.576968
2026-06-26,275.0,285.95001220703125,274.2099914550781,283.7799987792969,261244321,0.03136472859984596,0.4168779981266051,298.2885009765625,291.4116479492188,33.48289740669075,AAPL,2026-06-27T16:07:21.576968
